연번,구분,도서관명,소재지,매핑_행정구역,매핑상태,비고,면적(제곱미터),region_gu,region_detail,join_key
1,공립,가족만세센터 작은도서관,경기도 화성시 만세구 향남읍 평2길 16 가족만세센터 2층,,구기준매핑완료,,212,만세구,향남읍,만세구
2,공립,기아행복마루 작은도서관,경기도 화성시 만세구 우정읍 기아자동차로 559,,구기준매핑완료,,162,만세구,우정읍,만세구
3,공립,늘봄이음터 작은도서관,"경기도 화성시 동탄구 동탄대로24길 49, 늘봄이음터 3층",,구기준매핑완료,,138,동탄구,,동탄구
4,공립,마도 작은도서관,"경기도 화성시 만세구 마도면 마도북로 387, 마도 복합문화센터 2층",,구기준매핑완료,,131,만세구,마도면,만세구
5,공립,비봉 작은도서관,"경기도 화성시 효행구 비봉면 비봉로71번길 1, 효행구 비봉면사무소 1층",,구기준매핑완료,,122.4,효행구,,효행구
6,공립,샘내 작은도서관,"경기도 화성시 효행구 매송고색로375번길 11, 마을회관 2층",,구기준매핑완료,,211.76,효행구,,효행구
7,공립,서신 작은도서관,경기도 화성시 만세구 서신면 궁평항로 1702 만세구 서신면행정복지센터 2층,,구기준매핑완료,,93,만세구,서신면,만세구
8,공립,양감면 작은도서관,경기도 화성시 만세구 양감면 초록로 7,,구기준매핑완료,,75,만세구,양감면,만세구
9,공립,커피앤북 작은도서관,"경기도 화성시 효행구 봉담읍 상리3길 38, 커피복합문화센터 1층",,구기준매핑완료,,92,효행구,봉담읍,효행구
10,공립,팔탄 작은도서관,"경기도 화성시 만세구 팔탄면 구장길 14, 만세구 팔탄면행정복지센터 2층",,구기준매핑완료,,88,만세구,팔탄면,만세구
11,공립,호연이음터 작은도서관,"경기도 화성시 동탄구 동탄대로3길 17-9, 호연이음터 3층",,구기준매핑완료,,140,동탄구,,동탄구
12,사립,e편한세상동탄 작은도서관,"경기도 화성시 동탄구 동탄순환대로20길 31, e편한세상동탄 아파트",,구기준매핑완료,,65.065,동탄구,,동탄구
13,사립,LH 행복꿈터 작은도서관,"경기도 화성시 동탄구 동탄지성로 150-12, 동탄동탄구 능동마을주공아파트",,구기준매핑완료,,48,동탄구,능동,동탄구
14,사립,LH봉이네 작은도서관,"경기도 화성시 효행구 봉담읍 상리3길 111, 봉담LH4단지 아파트",,구기준매핑완료,,102,효행구,봉담읍,효행구
15,사립,LH숲속 작은도서관,"경기도 화성시 동탄구 동탄영천로 108-21, 화성동탄2 A4-1 행복주택",,구기준매핑완료,,165,동탄구,,동탄구
16,사립,sk뷰파크3차아파트 작은도서관,"경기도 화성시 동탄구 동탄지성로 319-19, sk뷰파크3차 아파트",,구기준매핑완료,,177,동탄구,,동탄구
17,사립,경남글밥 작은도서관,"경기도 화성시 동탄구 동탄순환대로20길 69, 경남아너스빌22단지 아파트",,구기준매핑완료,,106,동탄구,,동탄구
18,사립,공감 작은도서관,경기도 화성시 만세구 향남읍 발안남로25번길 17-4,,구기준매핑완료,,99,만세구,향남읍,만세구
19,사립,그랑드 작은도서관,"경기도 화성시 효행구 봉담읍 상리3길 87, 그랑드비체 아파트",,구기준매핑완료,,100.09,효행구,봉담읍,효행구
20,사립,그린힐 작은도서관,"경기도 화성시 동탄구 동탄순환대로12길 85, 반도유보라 아이비파크 10차 아파트",,구기준매핑완료,,94.5,동탄구,,동탄구
21,사립,그림자영상 작은도서관,"경기도 화성시 효행구 봉담읍 와우안길 16, 3층",,구기준매핑완료,,46.54,효행구,봉담읍,효행구
22,사립,글빛누리 작은도서관,경기도 화성시 효행구 기배로29,,구기준매핑완료,,138,효행구,,효행구
23,사립,글사랑 작은도서관,"경기도 화성시 만세구 향남읍 하길로 69, 부영9단지 아파트 주민공동시설",,구기준매핑완료,,302,만세구,향남읍,만세구
24,사립,글향기 작은도서관,"경기도 화성시 동탄구 메타폴리스로 22, 동탄시범다은마을 메타역 롯데캐슬 아파트",,구기준매핑완료,,90,동탄구,,동탄구
25,사립,금호2차 반딧불이 작은도서관,"경기도 화성시 동탄구 동탄대로1길 32, 금호어울림레이크2차 아파트 관리동 내",,구기준매핑완료,,95.13,동탄구,,동탄구
26,사립,꽃담 작은도서관,"경기도 화성시 효행구 효행로265번길 17(효행구 기안동, 우림그린빌리지)",,구기준매핑완료,,130,효행구,기안동,효행구
27,사립,꽃초롱 작은도서관,경기도 화성시 효행구 봉담읍 와우로34번길 30(쌍용스윗닷홈아파트) ,,구기준매핑완료,,77,효행구,봉담읍,효행구
28,사립,꿈길 작은도서관,"경기도 화성시 동탄구 동탄지성로 256, SK뷰파크2차아파트",,구기준매핑완료,,171,동탄구,,동탄구
29,사립,꿈꾸는 작은도서관,경기도 화성시 병점구 병점2로 78(병점역 에듀포레),,구기준매핑완료,,83,병점구,,병점구
30,사립,꿈나래문고 작은도서관,"경기도 화성시 병점구 병점동로 23(병점구 병점동, 구봉마을우남퍼스트빌1차아파트)",,구기준매핑완료,,100,병점구,병점동,병점구
31,사립,꿈나무 작은도서관,경기도 화성시 만세구 발안남로 66(화성발안우림필유아파트),,구기준매핑완료,,115,만세구,,만세구
32,사립,꿈드림 작은도서관,"경기도 화성시 동탄구 동부대로 951, 동탄역 중흥S클래스 아파트",,구기준매핑완료,,110,동탄구,,동탄구
33,사립,꿈마루 작은도서관,"경기도 화성시 동탄구 동탄반석로 16, 나루마을 월드반도1차(아)",,구기준매핑완료,,37,동탄구,,동탄구
34,사립,꿈빛나무 작은도서관,"경기도 화성시 효행구 봉담읍 동화새터길 55-39, 관리동 2층(동화마을 신동아파밀리에아파트)",,구기준매핑완료,,145.76,효행구,봉담읍,효행구
35,사립,나루마을 한화꿈에그린 아파트 작은도서관,"경기도 화성시 동탄구 동탄중앙로 51-1(동탄구 반송동, 동탄나루마을 한화꿈에그린아파트) 628동 B1",,구기준매핑완료,,81,동탄구,,동탄구
36,사립,나뭇잎 작은도서관,"경기도 화성시 동탄구 동탄순환대로 881-10 (동탄구 영천동,동탄역푸르지오)",,구기준매핑완료,,52.44,동탄구,영천동,동탄구
37,사립,나의 작은도서관,"경기도 화성시 동탄구 동탄기흥로277번길 12, 2604동 1층(동탄구 오산동, 동탄2 LH C26단지)",,구기준매핑완료,,95.02,동탄구,오산동,동탄구
38,사립,남양글로벌 작은도서관,"경기도 화성시 만세구 남양읍 남양성지로 143, 6층, 남양글로벌작은도서관",,구기준매핑완료,,71,만세구,남양읍,만세구
39,사립,남양뉴타운9단지 작은도서관,"경기도 화성시 만세구 남양읍 남양중앙로 316, 남양뉴타운LH9단지 아파트",,구기준매핑완료,,57,만세구,남양읍,만세구
40,사립,놀러와 작은도서관,"경기도 화성시 동탄구 동탄숲속로 95(동탄구 능동, 숲속마을광명메이루즈아파트)",,구기준매핑완료,,82.5,동탄구,능동,동탄구
41,사립,느티나무 작은도서관,"경기도 화성시 동탄구 동탄대로24길 199, 동탄역 포레너스 아파트",,구기준매핑완료,,141,동탄구,,동탄구
42,사립,다가치 꿈꾸는 작은도서관,"경기도 화성시 동탄구 동탄순환대로20길 45, 동탄 금강펜테리움 센트럴파크 4차",,구기준매핑완료,,188.9,동탄구,,동탄구
43,사립,다솜 작은도서관,"경기도 화성시 동탄구 동탄순환대로19길 21, 동탄동원로얄듀크2차 아파트",,구기준매핑완료,,114.56,동탄구,,동탄구
44,사립,다온행복 작은도서관,경기도 화성시 동탄구 동탄신리천로5가길 35,,구기준매핑완료,,129.58,동탄구,,동탄구
45,사립,다은우남 작은도서관,경기도 화성시 동탄구 동탄중앙로 171(동탄시범다은마을 우남퍼스트빌 아파트),,구기준매핑완료,,176,동탄구,,동탄구
46,사립,달떡 작은도서관,"경기도 화성시 동탄구 동탄신리천로2길 65, 1층(동탄2 디루체아파트)",,구기준매핑완료,,154.2,동탄구,,동탄구
47,사립,더불어 작은도서관,경기도 화성시 만세구 향남읍 상신하길로 298번길 7-7 연세프라자 801호 ,,구기준매핑완료,,75.16,만세구,향남읍,만세구
48,사립,더불어숲 작은도서관,"경기도 화성시 효행구 봉담읍 동화길 85, 이원타워 10층 1002호",,구기준매핑완료,,61,효행구,봉담읍,효행구
49,사립,더샵 꿈마루 작은도서관,경기도 화성시 동탄구 동탄대로10길 20. 동탄 더샵 레이크 에듀타운 아파트,,구기준매핑완료,,94.95,동탄구,,동탄구
50,사립,더샵 센트럴시티2차 작은도서관,"경기도 화성시 동탄구 동탄감배산로 19, 1620동 더샵센트럴시티 2차 아파트",,구기준매핑완료,,108.49,동탄구,,동탄구
51,사립,도담도담 작은도서관,"경기도 화성시 효행구 매송로360번길 13, 매송휴먼시아 커뮤니티실",,구기준매핑완료,,74.52,효행구,,효행구
52,사립,동2롯데캐슬 작은도서관,"경기도 화성시 동탄구 동탄대로2길 49, 동탄2롯데캐슬뉴스테이",,구기준매핑완료,,159.99,동탄구,,동탄구
53,사립,동원 여울빛 작은도서관,"경기도 화성시 동탄구 동부대로 1062, 동원 로얄듀크 비스타 3차",,구기준매핑완료,,44.77,동탄구,,동탄구
54,사립,동일하이빌 작은도서관,경기도 화성시 효행구 봉담읍 동화길 82 동일하이빌아파트 관리동,,구기준매핑완료,,106.68,효행구,봉담읍,효행구
55,사립,동탄 I PARK 작은도서관,"경기도 화성시 동탄구 동탄지성로 42, 동탄시범한빛마을 동탄아이파크",,구기준매핑완료,,73.125,동탄구,,동탄구
56,사립,동탄 영어 작은도서관,"경기도 화성시 동탄구 경기동로 519 , 동탄 영어 작은도서관",,구기준매핑완료,,235,동탄구,,동탄구
57,사립,동탄 호반포레 작은도서관,"경기도 화성시 동탄구 동탄신리천로1길 74, 호반베르디움 센트럴포레 아파트",,구기준매핑완료,,107.4,동탄구,,동탄구
58,사립,동탄2에듀하이 작은도서관,"경기도 화성시 동탄구 동탄순환대로 17길 31, B1",,구기준매핑완료,,180.112,동탄구,,동탄구
59,사립,동탄구미 작은도서관,"경기도 화성시 동탄구 동탄순환대로3가길 14-10, 101호 동탄 구미교회",,구기준매핑완료,,42,동탄구,,동탄구
60,사립,동탄북광장 작은도서관,"경기도 화성시 동탄구 동탄지성로 18, 금정프라자 403호",,구기준매핑완료,,36,동탄구,,동탄구
61,사립,동탄역 모아미래도 작은도서관,"경기도 화성시 동탄구 동탄청계로 303-33, 모아미래도아파트 1층",,구기준매핑완료,,132,동탄구,,동탄구
62,사립,동탄역센트럴상록 작은도서관,"경기도 화성시 동탄구 동탄대로22길 9, 동탄역센트럴상록아파트",,구기준매핑완료,,83.46,동탄구,,동탄구
63,사립,동탄역시범더샵센트럴시티작은도서관,"경기도 화성시 동탄구 동탄대로시범길 19, 1403동 1층(동탄구 청계동, 동탄역 시범더샵 센트럴시티) ",,구기준매핑완료,,77.45,동탄구,청계동,동탄구
64,사립,동탄역한화 작은도서관,"경기도 화성시 동탄구 동탄대로시범길 20(동탄구 청계동, 동탄역 시범한화 꿈에그린 프레스티지)",,구기준매핑완료,,244.12,동탄구,청계동,동탄구
65,사립,동탄파라곤 북카페 작은도서관,"경기도 화성시 동탄구 동탄반석로 172( 동탄구 반송동, 동탄파라곤) 101동 5층",,구기준매핑완료,,166.07,동탄구,,동탄구
66,사립,동탄행복마을푸른 작은도서관,"경기도 화성시 동탄구 동탄순환대로26길 81, 동탄행복마을 푸르지오",,구기준매핑완료,,144,동탄구,,동탄구
67,사립,동탄호수 작은도서관,경기도 화성시 동탄구 동탄순환대로10길 42. 동탄2 LH행복주택35단지 아파트,,구기준매핑완료,,191.12,동탄구,,동탄구
68,사립,동탄호수공원아이파크 작은도서관,"경기도 화성시 동탄구 동탄순환대로8길 14, 동탄호수공원 아이파크 아파트",,구기준매핑완료,,107,동탄구,,동탄구
69,사립,동탄힐링마을 작은도서관,"경기도 화성시 동탄구 동탄치동천로2길 4-24, 1층(동탄한울교회)",,구기준매핑완료,,66,동탄구,,동탄구
70,사립,동화 작은도서관,"경기도 화성시 효행구 봉담읍 동화새터길 121, 동화마을3단지",,구기준매핑완료,,61,효행구,봉담읍,효행구
71,사립,두근두근 작은도서관,"경기도 화성시 만세구 향남읍 발안로 113, 아스날타워 603호",,구기준매핑완료,,113.68,만세구,향남읍,만세구
72,사립,두란노 작은도서관,"경기도 화성시 만세구 남양읍 남양로930번길 32, 화성중앙교회",,구기준매핑완료,,112.94,만세구,남양읍,만세구
73,사립,두산위브 작은도서관,"경기도 화성시 병점구 영통로50번길 27, 반달마을 두산위브아파트",,구기준매핑완료,,52,병점구,,병점구
74,사립,디딤 작은도서관,"경기도 화성시 동탄구 금곡로257번길 38, 디딤교회",,구기준매핑완료,,50,동탄구,,동탄구
75,사립,디딤돌 작은도서관,"경기도 화성시 동탄구 동탄순환대로22길 45(동탄구 청계동,동탄2신도시 호반베르디움 더클래스)",,구기준매핑완료,,279.4,동탄구,청계동,동탄구
76,사립,레이크 펜테리움 작은도서관,"경기도 화성시 동탄구 동탄산척로2길 56, 금강펜테리움2차 아파트",,구기준매핑완료,,57.68,동탄구,,동탄구
77,사립,레이크빌 작은도서관,"경기도 화성시 동탄구 동탄대로9길 20, LH26단지 관리동 내",,구기준매핑완료,,88.53,동탄구,,동탄구
78,사립,로이 작은도서관,"경기도 화성시 효행구 봉담읍 삼천병마로 1340, 부안빌딩 2층 작은목자교회",,구기준매핑완료,,45.4,효행구,봉담읍,효행구
79,사립,롯데캐슬 작은도서관,"경기도 화성시 동탄구 동탄반석로 231, 예당롯데캐슬아파트 생활지원센터",,구기준매핑완료,,101.47,동탄구,,동탄구
80,사립,루나포레 작은도서관,"경기도 화성시 만세구 남양읍 역골동로 152, 루나포레 아파트",,구기준매핑완료,,63,만세구,남양읍,만세구
81,사립,르파비스 작은도서관,"경기도 화성시 동탄구 동탄순환대로20길 115, 르파비스 아파트",,구기준매핑완료,,133.24,동탄구,,동탄구
82,사립,리디아 작은도서관,"경기도 화성시 동탄구 동탄신리천로8길 15, 1층(동탄2LH40단지 아파트)",,구기준매핑완료,,97.34,동탄구,,동탄구
83,사립,리베라 작은도서관,"경기도 화성시 동탄구 동탄순환대로21길 15, 신안인스빌리베라",,구기준매핑완료,,208.414,동탄구,,동탄구
84,사립,리슈빌 작은별 작은도서관,"경기도 화성시 동탄구 동탄대로3길 34, 리슈빌 아파트",,구기준매핑완료,,129.82,동탄구,,동탄구
85,사립,만세 작은도서관,"경기도 화성시 만세구 향남읍 평3길 20-1, 3층(열람실 공간)경기도 화성시 만세구 향남읍 평리 30-9, 발안만세시장고객센터 401호(교육장)",,구기준매핑완료,,165(열람실)144(교육장),만세구,향남읍,만세구
86,사립,말하는영어 작은도서관,"경기도 화성시 동탄구 10용사로 532, 주다산교회 1층(동탄구 반송동)",,구기준매핑완료,,117.292,동탄구,,동탄구
87,사립,맑은샘문고 작은도서관,"경기도 화성시 동탄구 10용사로 532, 주다산교회 1층(동탄구 반송동)",,구기준매핑완료,,105,동탄구,,동탄구
88,사립,메타하나두리작은도서관,"경기도 화성시 동탄구 동탄중앙로 200, 동탄메타폴리스 6층",,구기준매핑완료,,208,동탄구,,동탄구
89,사립,목동 베라체 작은도서관,"경기도 화성시 동탄구 목동 동탄순환대로20길 13, 동탄구 목동베라체 아파트",,구기준매핑완료,,131.62,동탄구,,동탄구
90,사립,문해아카데미 무진장 작은도서관,경기도 화성시 동탄구 남여울1길 23,,구기준매핑완료,,91,동탄구,,동탄구
91,사립,물댄 작은도서관,"경기도 화성시 병점구 안녕동 212번지 상가 3층, 물댄 동산교회",,구기준매핑완료,,98.4,병점구,,병점구
92,사립,미리내 작은도서관,"경기도 화성시 만세구 남양읍 남양로786번길 15, 남양LH10단지 아파트",,구기준매핑완료,,95,만세구,남양읍,만세구
93,사립,미소 작은도서관,"경기도 화성시 동탄구 동탄영천로 108-10, 동탄2 LH2단지 아파트",,구기준매핑완료,,172.5,동탄구,,동탄구
94,사립,바나나 작은도서관,"경기도 화성시 동탄구 동탄원천로 338-10, 동탄 동탄구 능동마을 주공아파트",,구기준매핑완료,,52.53,동탄구,능동,동탄구
95,사립,반달 작은도서관,"경기도 화성시 병점구 영통로27번길 35, 신영통현대3단지아파트 관리동",,구기준매핑완료,,112,병점구,,병점구
96,사립,반도 정다운 작은도서관,"경기도 화성시 동탄구 동탄기흥로 479-12, 동탄역 반도유보라 아이비파크6.0 별동학습관 1층",,구기준매핑완료,,64,동탄구,,동탄구
97,사립,반도아이비 작은도서관,"경기도 화성시 동탄구 동탄대로시범길 168, 시범 반도유보라아이비 1차",,구기준매핑완료,,121.54,동탄구,,동탄구
98,사립,반딧불 작은도서관,경기도 화성시 효행구 봉담읍 상리3길 135(봉담2 LH3단지),,구기준매핑완료,,166.86,효행구,봉담읍,효행구
99,사립,반올림 작은도서관,"경기도 화성시 동탄구 동탄문화센터로 39, 시범다은마을 포스코더샾 아파트",,구기준매핑완료,,94,동탄구,,동탄구
100,사립,별하 작은도서관,"경기도 화성시 병점구 안녕남로 246-21,지하1층",,구기준매핑완료,,272.96,병점구,,병점구
101,사립,병점역센트럴 작은도서관,"경기도 화성시 병점구 병점1로 65 (병점구 병점동, 늘벗마을신창1차아파트) ",,구기준매핑완료,,42,병점구,병점동,병점구
102,사립,보물섬 작은도서관,"경기도 화성시 병점구 효행로 1338-44, 신동탄롯데캐슬",,구기준매핑완료,,104.15,병점구,,병점구
103,사립,복사꽃마을 작은도서관,경기도 화성시 만세구 향남읍 행정동로 101. 관리동 3층,,구기준매핑완료,,70.08,만세구,향남읍,만세구
104,사립,봉담2 LH2단지 작은도서관,"경기도 화성시 효행구 봉담읍 상리1길 37, 봉담2 LH2단지 아파트",,구기준매핑완료,,34,효행구,봉담읍,효행구
105,사립,봉담그대가3단지 작은도서관,경기도 화성시 효행구 봉담읍 와우로15번길 10(봉담그대가3단지아파트) 302동 B1층,,구기준매핑완료,,73.68,효행구,봉담읍,효행구
106,사립,봉담아이파크 작은도서관,"경기도 화성시 효행구 봉담읍 와우로 34번길 11, 봉담아이파크아파트 커뮤니티센터",,구기준매핑완료,,154,효행구,봉담읍,효행구
107,사립,봉담우방아이유쉘2차아파트 작은도서관,"경기도 화성시 효행구 봉담읍 수영로 61-7, 봉담우방아이유쉘2차아파트",,구기준매핑완료,,46.91,효행구,봉담읍,효행구
108,사립,봉담한신더휴에듀파크 작은도서관,"경기도 화성시 효행구 봉담읍 와우로 18, 봉담한신더휴에듀파크",,구기준매핑완료,,218.7,효행구,봉담읍,효행구
109,사립,부영3단지 호수꿈터 작은도서관,"경기도 화성시 동탄구 동탄대로8길 35, 부영3단지 커뮤니티센터 지하2층",,구기준매핑완료,,120.75,동탄구,,동탄구
110,사립,북뜨락 작은도서관,경기도 화성시 동탄구 동탄신리천로5길 90(동탄2LH38단지 아파트),,구기준매핑완료,,112,동탄구,,동탄구
111,사립,북적북적 책마을 작은도서관,경기도 화성시 만세구 남양읍 역골중앙로41번길 7,,구기준매핑완료,,132.26,만세구,남양읍,만세구
112,사립,비봉병영 작은도서관,경기도 화성시 효행구 비봉면 푸른들판로 1350-109 제 2819부대,,구기준매핑완료,,36,효행구,,효행구
113,사립,비전대대 작은도서관,경기도 화성시 만세구 남양읍 남양로621번길 11,,구기준매핑완료,,42.9,만세구,남양읍,만세구
114,사립,비채 작은도서관,경기도 화성시 효행구 봉담읍 삼천병마로783번길 15,,구기준매핑완료,,98,효행구,봉담읍,효행구
115,사립,사랑 뜰 작은도서관,"경기도 화성시 만세구 장안면 사랑길 133-8, 조암제일교회 내",,구기준매핑완료,,85.2,만세구,장안면,만세구
116,사립,사자와어린양 작은도서관,"경기도 화성시 만세구 향남읍 행정서로1길 19-7, 101호",,구기준매핑완료,,90.82,만세구,향남읍,만세구
117,사립,산고개마을 작은도서관,"경기도 화성시 동탄구 동탄순환대로10길 30-23, LH35단지",,구기준매핑완료,,114.9,동탄구,,동탄구
118,사립,상동비전 작은도서관,"경기도 화성시 병점구 병점동로 84-9, 병점상동교회",,구기준매핑완료,,247.5,병점구,병점동,병점구
119,사립,상록문고 작은도서관,"경기도 화성시 동탄구 동탄원천로 315-18, 상록예가아파트 내 주민공동시설",,구기준매핑완료,,48.3,동탄구,,동탄구
120,사립,상상 작은도서관,경기도 화성시 동탄구 동탄순환대로19길 59(힐스테이트 동탄 아파트),,구기준매핑완료,,115.151,동탄구,,동탄구
121,사립,새강꿈터 작은도서관,"경기도 화성시 동탄구 동탄중앙로 99, 휴먼시아 5-1단지",,구기준매핑완료,,142,동탄구,,동탄구
122,사립,새강마을 작은도서관,"경기도 화성시 동탄구 동탄중앙로 99, 휴먼시아5-2단지 관리동",,구기준매핑완료,,171.5,동탄구,,동탄구
123,사립,새싹 작은도서관,"경기도 화성시 만세구 남야읍 남양시장로55번길 5-1, 2층",,구기준매핑완료,,96.94,만세구,,만세구
124,사립,샘마을 작은도서관,"경기도 화성시 효행구 봉담읍 샘마을길 41, 2층 봉담선한목자교회",,구기준매핑완료,,38,효행구,봉담읍,효행구
125,사립,생각마루 작은도서관,"경기도 화성시 효행구 효행로291번길 26(효행구 기안동, 신일해피트리 아파트 관리동 2층)",,구기준매핑완료,,198,효행구,기안동,효행구
126,사립,생각정원 작은도서관,"경기도 화성시 동탄구 동탄순환대로10길 88, 반도유보라10차 2단지 아파트",,구기준매핑완료,,237,동탄구,,동탄구
127,사립,서봉 작은도서관,경기도 화성시 만세구 향남읍 상신하길로356번길 29-16 서봉마을2단지,,구기준매핑완료,,82.18,만세구,향남읍,만세구
128,사립,서해더블루LUX 작은도서관,"경기도 화성시 동탄구 동탄문화센터로 75 서해더블루LUX, 24층",,구기준매핑완료,,110.5,동탄구,,동탄구
129,사립,서해더블루PAX 작은도서관,"경기도 화성시 동탄구 노작로 203(동탄구 반송동,서해더블루PAX), 24층",,구기준매핑완료,,121.5,동탄구,,동탄구
130,사립,서해백일홍 작은도서관,"경기도 화성시 동탄구 동탄문화센터로 38, 서해그랑블아파트 커뮤니티센터",,구기준매핑완료,,119.51,동탄구,,동탄구
131,사립,선한꿈터 작은도서관,"경기도 화성시 만세구 남양읍 수작이길 41, 1층",,구기준매핑완료,,242.78,만세구,남양읍,만세구
132,사립,센트럴북카페 작은도서관,경기도 화성시 동탄구 동탄중앙로 189 시범다은마을 월드메르디앙,,구기준매핑완료,,117,동탄구,,동탄구
133,사립,센트럴써밋 작은도서관,"경기도 화성시 동탄구 동탄신리천로 786, 센트럴써밋아파트",,구기준매핑완료,,98.8,동탄구,,동탄구
134,사립,소나무 작은도서관,"경기도 화성시 동탄구 동탄나루로 55, 동탄나루마을월드메르디앙 반도유보라 2차 아파트",,구기준매핑완료,,89,동탄구,,동탄구
135,사립,소원 작은도서관,"경기도 화성시 동탄구 동탄대로시범길 53, 시범대원칸타빌아파트",,구기준매핑완료,,122.628,동탄구,,동탄구
136,사립,솔빛 작은도서관,"경기도 화성시 동탄구 동탄반석로 96.(동탄구 반송동, 솔빛마을경남아너스빌아파트 관리사무동 2층)",,구기준매핑완료,,135,동탄구,,동탄구
137,사립,솔향기책터 작은도서관,"경기도 화성시 동탄구 동탄반석로 70, 솔빛마을 신도브래뉴 관리사무소 ",,구기준매핑완료,,120.8,동탄구,,동탄구
138,사립,송골우남 작은도서관,경기도 화성시 동탄구 10용사로 286 송골우남퍼스트빌 관리동 1층,,구기준매핑완료,,119,동탄구,,동탄구
139,사립,숲속 작은도서관,"경기도 화성시 동탄구 동탄순환대로20길 104, 호반베르디움22단지 아파트",,구기준매핑완료,,101,동탄구,,동탄구
140,사립,숲속경남 작은도서관,"경기도 화성시 동탄구 동탄숲속로 103, 경남숲속마을 아파트",,구기준매핑완료,,95.77,동탄구,,동탄구
141,사립,숲속모아 작은도서관,경기도 화성시 동탄구 동탄숲속로 96  모아미래도1단지,,구기준매핑완료,,91.83,동탄구,,동탄구
142,사립,숲속문고 작은도서관,경기도 화성시 병점구 영통로26번길 24 푸르지오아파트,,구기준매핑완료,,55.44,병점구,,병점구
143,사립,숲향기 작은도서관,"경기도 화성시 동탄구 동탄대로24가길 30, 동탄파크 한양 수자인아파트",,구기준매핑완료,,90,동탄구,,동탄구
144,사립,쉐마 작은도서관,"경기도 화성시 동탄구 원고매로 168, 동탄지구촌교회",,구기준매핑완료,,70,동탄구,,동탄구
145,사립,스위첸 작은도서관,경기도 화성시 동탄구 동탄청계로 303-14 (kcc스위첸아파트),,구기준매핑완료,,344,동탄구,,동탄구
146,사립,스타힐스 작은도서관,"경기도 화성시 동탄구 동탄순환대로17길 15(동탄구 산척동, 스타힐스 24단지)",,구기준매핑완료,,57.7,동탄구,,동탄구
147,사립,시그너스 작은도서관,"경기도 화성시 동탄구 동탄역로 196, 지하1층",,구기준매핑완료,,134.62,동탄구,,동탄구
148,사립,신나는 작은도서관,"경기도 화성시 만세구 수노을중앙로 257, 세영리첼에듀파크아파트",,구기준매핑완료,,124,만세구,,만세구
149,사립,신일 유토빌 책마을 작은도서관,경기도 화성시 동탄구 동탄반석로 232 예당마을 신일유토빌,,구기준매핑완료,,75.49,동탄구,,동탄구
150,사립,신창2차 책마을 작은도서관,경기도 화성시 병점구 병점2로 102 신창비바훼밀리2차,,구기준매핑완료,,36,병점구,,병점구
151,사립,실로암 작은도서관,"경기도 화성시 효행구 봉담읍 유리마을길 81 기산베스트빌아파트 상가 지하1층경기도 화성시 효행구 봉담읍 시청로 1405-10, 104호",,구기준매핑완료,,82.35,효행구,봉담읍,효행구
152,사립,쌍용예가 책마을 작은도서관,"경기도 화성시 효행구 봉담읍 유리마을길 81 기산베스트빌아파트 상가 지하1층경기도 화성시 효행구 봉담읍 시청로 1405-10, 104호",,구기준매핑완료,,118,효행구,봉담읍,효행구
153,사립,아름다운 작은도서관,"경기도 화성시 병점구 효행로 1205-67, 아름다운 교회",,구기준매핑완료,,42,병점구,,병점구
154,사립,아름드리 작은도서관,경기도 화성시 효행구 봉담읍 동화리 동화역말길 22 휴먼시아 503동,,구기준매핑완료,,103,효행구,봉담읍,효행구
155,사립,아삭 작은도서관,"경기도 화성시 만세구 떡전골로 111 지상2층, 지하1층",,구기준매핑완료,,304,만세구,,만세구
156,사립,아이비 작은도서관,경기도 화성시 동탄구 동탄기흥로 393-15(동탄역반도유보라5차),,구기준매핑완료,,64,동탄구,,동탄구
157,사립,아이숲 작은도서관,"경기도 화성시 동탄구 동탄순환대로26길 55 반도유보라 아이비파크2차 관리동 2층(동탄구 영천동, 반도유보라2차)",,구기준매핑완료,,182,동탄구,영천동,동탄구
158,사립,"아이원 글, 숲, 작은도서관",경기도 화성시 동탄구 동탄대로 1길 20,,구기준매핑완료,,169.5,동탄구,,동탄구
159,사립,아이원반딧불 작은도서관,경기도 화성시 만세구 향남읍 행정동로 64 (향남시범살구꽃마을풍림아이원아파트),,구기준매핑완료,,200,만세구,향남읍,만세구
160,사립,아이파크 마중물 작은도서관,"경기도 화성시 동탄구 동탄대로 4길 143, 동탄2 아이파크 아파트 ",,구기준매핑완료,,320,동탄구,,동탄구
161,사립,아하 작은도서관,"경기도 화성시 동탄구 동탄기흥로257번가길 20-16, 1층",,구기준매핑완료,,39,동탄구,,동탄구
162,사립,알바트로스 작은도서관,"경기도 화성시 동탄구 동탄순환대로21길 53,롯데캐슬알바트로스",,구기준매핑완료,,113.4837,동탄구,,동탄구
163,사립,어울림 작은도서관 ,경기도 화성시 동탄구 동탄대로4길 17,,구기준매핑완료,,172.15,동탄구,,동탄구
164,사립,언덕마을18단지 작은도서관,"경기도 화성시 만세구 향남읍 상신하길로35, 언덕마을18단지아파트",,구기준매핑완료,,112.51,만세구,향남읍,만세구
165,사립,에듀북파크 작은도서관,경기도 화성시 효행구 봉담읍 수영로 161(중흥S-클래스 에듀파크 아파트),,구기준매핑완료,,172.7971,효행구,봉담읍,효행구
166,사립,엘크루생크림 작은도서관,"경기도 화성시 동탄구 동탄대로1길 96, 엔에이치에프엘크루 아파트",,구기준매핑완료,,82,동탄구,,동탄구
167,사립,열리는비전 작은도서관,경기도 화성시 효행구 봉담읍 샘마을길 33 열리는교회 2층,,구기준매핑완료,,89,효행구,봉담읍,효행구
168,사립,영천 작은도서관,"경기도 화성시 동탄구 동탄대로24가길 27, 동탄2 LH1단지 아파트",,구기준매핑완료,,92.77,동탄구,,동탄구
169,사립,예찬작은도서관,경기도 화성시 만세구 남양읍 남양성지로 8-6 우림아파트 A상가 2층 예수찬양교회(남양),,구기준매핑완료,,44.29,만세구,남양읍,만세구
170,사립,예향드림 작은도서관,경기도 화성시 만세구 향남읍 서봉로 117 예수향남교회,,구기준매핑완료,,42.9,만세구,향남읍,만세구
171,사립,오색마을 작은도서관,경기도 화성시 만세구 향남읍 하길로 9(화성향남오색마을사랑으로부영11단지 아파트),,구기준매핑완료,,180,만세구,향남읍,만세구
172,사립,우리 작은도서관,"경기도 화성시 동탄구 동탄순환대로 1길 64, 동탄레이크 자이 더 테라스",,구기준매핑완료,,92,동탄구,,동탄구
173,사립,우리꿈 작은도서관,"경기도 화성시 병점구 효행로 1344-6, 우리꿈교회",,구기준매핑완료,,97.47,병점구,,병점구
174,사립,우림필유타운하우스 작은도서관,경기도 화성시 동탄구 동탄공원로 1길 6-60 우림필유타운하우스,,구기준매핑완료,,98,동탄구,,동탄구
175,사립,은성 작은도서관,경기도 화성시 효행구 효행로291번길 52(효행구 기안동) 은성교회,,구기준매핑완료,,123,효행구,기안동,효행구
176,사립,이편한 꿈터 작은도서관,경기도 화성시 효행구 봉담읍 상리1길 127,,구기준매핑완료,,106.6,효행구,봉담읍,효행구
177,사립,이편한세상 작은도서관,"경기도 화성시 병점구 효행로 1337-23, 이편한세상 ",,구기준매핑완료,,57.6,병점구,,병점구
178,사립,자이꿈 작은도서관,"경기도 화성시 동탄구 서동탄로53, 서동탄역 파크자이",,구기준매핑완료,,142.5,동탄구,,동탄구
179,사립,자이라피네 작은도서관,경기도 화성시 효행구 봉담읍 동화서북안길 50,,구기준매핑완료,,151.29,효행구,봉담읍,효행구
180,사립,작은도서관 노작,"경기도 화성시 동탄구 노작로206, 노작 홍사용문학관 내",,구기준매핑완료,,81.55,동탄구,,동탄구
181,사립,전승병영 작은도서관,경기도 화성시 효행구 매송면 화성로 2437 14-2호(51사단)비봉면 푸른들판로 1350-109(대대),,구기준매핑완료,,36,효행구,,효행구
182,사립,제부도모세마을작은도서관,경기도 화성시 만세구 서신면 제부말길 96(만세구 서신면) 제부도문화복지센터,,구기준매핑완료,,91,만세구,서신면,만세구
183,사립,죠이풀 작은도서관,"경기도 화성시 동탄구 동탄순환대로 29길 62, 301호 (동탄구 영천동)",,구기준매핑완료,,85.2,동탄구,영천동,동탄구
184,사립,참누리 크로바 작은도서관,"경기도 화성시 동탄구 동탄지성로 295, 행복마을 참누리 에듀파크 아파트",,구기준매핑완료,,263.216,동탄구,,동탄구
185,사립,채움 작은도서관,"경기도 화성시 만세구 남양읍 남양시장로105번길 7, 1층",,구기준매핑완료,,78.86,만세구,남양읍,만세구
186,사립,책과 콩나무 작은도서관,"경기도 화성시 동탄구 동탄공원로1길 6-57, 동탄시범다은마을 센트럴파크뷰 아파트",,구기준매핑완료,,120,동탄구,,동탄구
187,사립,책누리 작은도서관,"경기도 화성시 동탄구 동탄지성로469번길 60, 반정아이파크캐슬5단지 아파트",,구기준매핑완료,,116,동탄구,,동탄구
188,사립,책마루 작은도서관,"경기도 화성시 동탄구 동탄순환대로 24길 101, LH 4단지 아파트 ",,구기준매핑완료,,98.175,동탄구,,동탄구
189,사립,커피향 작은도서관,"경기도 화성시 효행구 봉담읍 매봉로 443, 예스프라자25 503호",,구기준매핑완료,,48.8,효행구,봉담읍,효행구
190,사립,큰생각 작은도서관,"경기도 화성시 동탄구 동탄대로시범길276(동탄구 청계동,우남퍼스트빌a)",,구기준매핑완료,,230.69,동탄구,청계동,동탄구
191,사립,평화마을 작은도서관,경기도 화성시 만세구 우정읍 매향웃말길27,,구기준매핑완료,,75.33,만세구,우정읍,만세구
192,사립,포도나무 작은도서관,"경기도 화성시 병점구 효행로 275-1  평생플러스빌아파트 상가동 지상1층, 지하1층",,구기준매핑완료,,239,병점구,,병점구
193,사립,포레나 동탄호수 작은도서관,"경기도 화성시 동탄구 동탄순환대로4길 11, 한화 포레나 동탄호수 아파트",,구기준매핑완료,,127.78,동탄구,,동탄구
194,사립,포스코 반올림 작은도서관,경기도 화성시 동탄구 동탄공원로 21-12 포스코아파트,,구기준매핑완료,,101.368,동탄구,,동탄구
195,사립,푸르미 작은도서관,"경기도 화성시 효행구 봉담읍 와우로 34번길 12, 봉담센트럴푸르지오",,구기준매핑완료,,113.4,효행구,봉담읍,효행구
196,사립,푸른 신일 작은도서관,"경기도 화성시 동탄구 동탄공원로 21-39, 동탄푸른마을신일해피트리 아파트",,구기준매핑완료,,62,동탄구,,동탄구
197,사립,푸른 작은도서관,"경기도 화성시 동탄구 동탄순환대로21길 54(동탄구 청계동, 동탄2신도시 센트럴 푸르지오)",,구기준매핑완료,,72,동탄구,청계동,동탄구
198,사립,푸른꿈 작은도서관,경기도 화성시 동탄구 동탄반석로 264 예당마을 푸르지오 아파트,,구기준매핑완료,,162,동탄구,,동탄구
199,사립,푸른책나라 작은도서관,"경기도 화성시 동탄구 동탄공원로 21-40(동탄구 능동, 동탄푸른마을두산위브아파트)",,구기준매핑완료,,70,동탄구,능동,동탄구
200,사립,풍경채 작은도서관,경기도 화성시 동탄구 동탄대로4가길 26(제일풍경채 에듀파크 아파트),,구기준매핑완료,,105,동탄구,,동탄구
201,사립,하늘 작은도서관,"경기도 화성시 만세구 향남읍 행정서로 48, 관리동 2층(향남시범넓은들마을신명스카이뷰 아파트)",,구기준매핑완료,,39,만세구,향남읍,만세구
202,사립,하늘꿈 작은도서관,"경기도 화성시 만세구 남양읍 역골중앙로100번길 23, 102호",,구기준매핑완료,,70,만세구,남양읍,만세구
203,사립,하늘바다 작은도서관,"경기도 화성시 만세구 남양읍 시청로45번길 96, 관리동 2층(화성남양뉴타운LH4단지 아파트)",,구기준매핑완료,,61.595,만세구,남양읍,만세구
204,사립,하늘빛 작은도서관,"경기도 화성시 동탄구 동탄반석로 277, 동탄 예당마을우미린제일풍경채 아파트",,구기준매핑완료,,126,동탄구,,동탄구
205,사립,하브루타 작은도서관,"경기도 화성시 병점구 병점동로42번길 24, 202호",,구기준매핑완료,,53.9,병점구,병점동,병점구
206,사립,하우스디 작은도서관,"경기도 화성시 동탄구 동탄대로9길 19, 하우스디 더 레이크 아파트",,구기준매핑완료,,164.1,동탄구,,동탄구
207,사립,한신더휴 작은도서관,"경기도 화성시 동탄구 동탄순환대로20길 70, 한신더휴 아파트",,구기준매핑완료,,125.3,동탄구,,동탄구
208,사립,한화꿈에그린 작은도서관,"경기도 화성시 동탄구 동탄시범한빛길 10, 시범한빛마을한화꿈에그린아파트",,구기준매핑완료,,115,동탄구,,동탄구
209,사립,한화우림 작은도서관,"경기도 화성시 동탄구 동탄반석로 42, 관리동 내(동탄나루마을 한화꿈에그린 우림필유 아파트)  ",,구기준매핑완료,,123,동탄구,,동탄구
210,사립,해달별 역사 작은도서관,"경기도 화성시 효행구 봉담읍 와우로34번길 34, 쌍용스윗닷홈 상가동 301호",,구기준매핑완료,,172.45,효행구,봉담읍,효행구
211,사립,해뜰문고 작은도서관,"경기도 화성시 병점구 영통로27번길 53, 신영통 현대타운 아파트",,구기준매핑완료,,72,병점구,,병점구
212,사립,해피드림 작은도서관,"경기도 화성시 동탄구 동탄반석로 124, 센타프라자 602호",,구기준매핑완료,,39.38,동탄구,,동탄구
213,사립,햇살마루 작은도서관,"경기도 화성시 병점구 효행로 229-11, 광도와이드빌 아파트",,구기준매핑완료,,120,병점구,,병점구
214,사립,햇살바람 작은도서관,"경기도 화성시 동탄구 동탄대로12길 64, 금강펜테리움센트럴파크1차 아파트",,구기준매핑완료,,51.7102,동탄구,,동탄구
215,사립,행복 작은도서관,"경기도 화성시 만세구 남양읍 남양로862번길 16, 남양뉴타운LH6단지 아파트",,구기준매핑완료,,81,만세구,남양읍,만세구
216,사립,행복공원 작은도서관,"경기도 화성시 동탄구 동탄지성로 320, 신풍프라자 4층",,구기준매핑완료,,67,동탄구,,동탄구
217,사립,행복담은 작은도서관,"경기도 화성시 동탄구 동탄지성로 17, 20층(동탄위버폴리스 아파트)",,구기준매핑완료,,266,동탄구,,동탄구
218,사립,행복한 작은도서관,"경기도 화성시 병점구 병점3로 74, 관리동 1층(느치미마을주공2단지 아파트)",,구기준매핑완료,,56.6,병점구,,병점구
219,사립,향남 한우물 작은도서관,"경기도 화성시 만세구 향남읍 행정남로 99-15, 향남시범 한우물마을휴먼시아 아파트",,구기준매핑완료,,110.7,만세구,향남읍,만세구
220,사립,향아름 작은도서관,"경기도 화성시 만세구 향남읍 행정남로 99-15, 향남시범 한우물마을휴먼시아 아파트",,구기준매핑완료,,81.33,만세구,향남읍,만세구
221,사립,향아름 작은도서관,"경기도 화성시 동탄구 동탄오산로 86-10, 동탄리코빌 1동 207호 (동탄구 오산동)",,구기준매핑완료,,63.84,동탄구,오산동,동탄구
222,사립,호반써밋동탄 작은도서관,경기도 화성시 동탄구 동탄신리천로4길 48,,구기준매핑완료,,251.39,동탄구,,동탄구
223,사립,호수나래 작은도서관,"경기도 화성시 동탄구 동탄대로6길 50, 더레이크시티부영5단지 아파트",,구기준매핑완료,,173.25,동탄구,,동탄구
224,사립,호수나무 작은도서관,"경기도 화성시 동탄구 동탄대로8길 65, 1층(더레이크시티부영2단지 아파트)",,구기준매핑완료,,125.55,동탄구,,동탄구
225,사립,호수품 작은도서관,"경기도 화성시 동탄구 동탄대로6길 84, 더레이크시티부영6단지 아파트",,구기준매핑완료,,187,동탄구,,동탄구
226,사립,화성 행복한 영어 작은도서관,"경기도 화성시 병점구 반정로204번길 53, 베들레헴 교회 교육관 2층(병점구 반정동)",,구기준매핑완료,,146.85,병점구,,병점구
227,사립,화성동부청소년 작은도서관,경기도 화성시 병점구 영통로8번길 10-12 향유내음가득교회,,구기준매핑완료,,175,병점구,,병점구
228,사립,휴먼동화1 작은도서관,"경기도 화성시 효행구 봉담읍 동화길 81-13, 휴먼시아동화마을 아파트",,구기준매핑완료,,48.75,효행구,봉담읍,효행구
229,사립,휴먼빌 꿈꾸는 작은도서관,"경기도 화성시 효행구 봉담읍 와우로 51, 봉담휴먼빌 아파트",,구기준매핑완료,,74.82,효행구,봉담읍,효행구
230,사립,희망여기 작은도서관,"경기도 화성시 효행구 봉담읍 오궁길 8, 수기평안교회 1층",,구기준매핑완료,,77,효행구,봉담읍,효행구
